{
  "model_config": {
    "hidden_layers": [
      64,
      64,
      64
    ],
    "dropout_rate": 0.1,
    "learning_rate": 0.001,
    "batch_size": 32,
    "epochs": 200,
    "patience": 20
  },
  "test_metrics": {
    "mse": 0.0022788367139100854,
    "rmse": 0.047737162817977415,
    "mae": 0.03311691837746989,
    "r2": 0.9698547906035166
  },
  "azeotrope_detection": {
    "predicted": {
      "x1": NaN,
      "T": 351.15
    },
    "experimental": {
      "x1": 0.894,
      "T": 351.15
    }
  },
  "comparison_with_raoult": {
    "ann": {
      "mse": 0.0022788367139100854,
      "mae": 0.03311691837746989,
      "r2": 0.9698547906035166
    },
    "raoult": {
      "mse": 0.030018703799265616,
      "mae": 0.10638797404360824,
      "r2": 0.6029026097762012
    }
  }
}